file,recon,ssim,ssim11,ssim_norm,ssim_norm11,ssim_mean_baseline,ncc,l2,clipped_fraction,pre_clamp_min,pre_clamp_max,ctrl_ssim,ctrl_ssim11,ctrl_ssim_norm,n_steps,rank,seed,lr,n_per_class,anchor_alpha
exp_b_T10_full_s42_a149.pth,full,0.7379597425460815,0.6771738529205322,0.8046396970748901,0.7137468457221985,0.7630242109298706,497.01947021484375,4.42356014251709,0.3131377696990967,-0.025345009683010344,0.9784846307033135,0.5846383571624756,0.4406176805496216,0.49955546855926514,10,,42,0.01,1,
exp_b_T1_full_free_s42_a149.pth,full,0.719342052936554,0.6609070301055908,0.749497652053833,0.6745721697807312,0.7630242109298706,1464.0517578125,4.956414699554443,0.5497449040412903,-0.3265017441867267,1.2384713447788456,0.5964958667755127,0.4707906246185303,0.17958024144172668,1,,42,0.01,1,
exp_b_T1_full_s42_a149.pth,full,0.9605361223220825,0.984760046005249,0.97319096326828,0.9915546774864197,0.7630242109298706,1.27093505859375,0.23864877223968506,0.45344388484954834,-0.04074915636508375,1.042300004814538,0.6719846725463867,0.5376015901565552,0.18098817765712738,1,,42,0.01,1,
exp_b_T1_r16_free_s123_a10000.pth,lora,0.5232394337654114,0.5020021200180054,0.6726800203323364,0.61138916015625,0.7474428415298462,1560.35888671875,5.253421306610107,0.3711734712123871,-0.12006562331417725,1.0686433796295478,0.37888485193252563,0.31086236238479614,0.35181987285614014,1,16,123,0.01,1,
exp_b_T1_r16_free_s2026_a10000.pth,lora,0.53908371925354,0.509575366973877,0.7534224987030029,0.667066216468811,0.738010048866272,1023.7440795898438,5.343018054962158,0.38966837525367737,-0.06029577060410122,1.0215892601114527,0.3911990225315094,0.29932624101638794,0.587681233882904,1,16,2026,0.01,1,
exp_b_T1_r16_free_s42_a10000.pth,full,0.9975078105926514,0.9992915391921997,0.9986075162887573,0.9997438192367554,0.7630242109298706,0.03704833984375,0.0325295552611351,0.4241071343421936,-0.004079206030320193,1.004422029997722,0.6918098330497742,0.5392019748687744,0.17604252696037292,1,16,42,0.01,1,
exp_b_T1_r16_free_s42_a10000.pth,lora,0.5830597877502441,0.64186030626297,0.7949353456497192,0.817206859588623,0.7630242109298706,188.359375,2.503633975982666,0.375,-0.0949144290580193,1.043888479438549,0.39342764019966125,0.3363255262374878,0.2641366124153137,1,16,42,0.01,1,
exp_b_T1_r16_free_s42_a149.pth,full,0.9943171143531799,0.9982234239578247,0.9967334270477295,0.9993125200271606,0.7630242109298706,0.02862548828125,0.04900423809885979,0.42091837525367737,-0.0028854011323404165,0.9993552654202122,0.6902018785476685,0.538669228553772,0.17497020959854126,1,16,42,0.01,1,
exp_b_T1_r16_free_s42_a149.pth,lora,0.6237121820449829,0.6698339581489563,0.8011353015899658,0.8130180835723877,0.7630242109298706,604.9759521484375,2.7291476726531982,0.3832908272743225,-0.08360519538282916,1.01356536262389,0.4253957271575928,0.3416719436645508,0.2660362720489502,1,16,42,0.01,1,
exp_b_T1_r16_free_s7_a10000.pth,lora,0.5210357904434204,0.5223734378814697,0.6397460103034973,0.5889535546302795,0.6904239654541016,1584.2852783203125,5.878273010253906,0.3169642984867096,-0.10837448682470216,1.0374552601191074,0.31256160140037537,0.18660184741020203,0.4664277136325836,1,16,7,0.01,1,
exp_b_T1_r16_free_s999_a10000.pth,lora,0.48835915327072144,0.4804813265800476,0.6872449517250061,0.6158441305160522,0.7062060236930847,1418.5980224609375,5.9326066970825195,0.3341836631298065,-0.1744002766739751,1.0748779950084486,0.37433379888534546,0.3289533853530884,0.5483388304710388,1,16,999,0.01,1,
exp_b_T1_r16_s42_a10000.pth,lora,0.7689934968948364,0.725990891456604,0.8289073705673218,0.7687852382659912,0.7630242109298706,107.11883544921875,3.7236831188201904,0.4770408272743225,-0.0504829360612957,0.9990375355999174,0.5939527750015259,0.4529981017112732,0.43332958221435547,1,16,42,0.01,1,
exp_b_T1_r16_s42_a149.pth,lora,0.43434399366378784,0.46129775047302246,0.6563270092010498,0.6439110040664673,0.7630242109298706,957.859375,4.853546619415283,0.4272959232330322,-0.6489957943321196,1.2127538231102626,0.3195515275001526,0.2791633605957031,0.30950501561164856,1,16,42,0.01,1,
exp_b_T1_r32_free_s123_a10000.pth,lora,0.5059183239936829,0.4896067976951599,0.6688503623008728,0.607969343662262,0.7474428415298462,1577.494873046875,5.257254600524902,0.3743622303009033,-0.12279605951360438,1.0697741541956804,0.3620917499065399,0.30050724744796753,0.3507300913333893,1,32,123,0.01,1,
exp_b_T1_r32_free_s2026_a10000.pth,lora,0.5225095152854919,0.5003615617752075,0.7463135719299316,0.6631168127059937,0.738010048866272,822.5958862304688,5.293689727783203,0.39094388484954834,-0.08313407532661544,1.0266947960232817,0.369456946849823,0.2782773971557617,0.5800853371620178,1,32,2026,0.01,1,
exp_b_T1_r32_free_s42_a10000.pth,full,0.9975078105926514,0.9992915391921997,0.9986075162887573,0.9997438192367554,0.7630242109298706,0.03704833984375,0.0325295552611351,0.4241071343421936,-0.004079206030320193,1.004422029997722,0.6918098330497742,0.5392019748687744,0.17604252696037292,1,32,42,0.01,1,
exp_b_T1_r32_free_s42_a10000.pth,lora,0.608006477355957,0.652553141117096,0.797022819519043,0.809956431388855,0.7630242109298706,223.032470703125,2.716068744659424,0.3966836631298065,-0.19495137085249117,1.111291610946604,0.43309658765792847,0.37924084067344666,0.3328348994255066,1,32,42,0.01,1,
exp_b_T1_r32_free_s42_a149.pth,full,0.9943171143531799,0.9982234239578247,0.9967334270477295,0.9993125200271606,0.7630242109298706,0.02862548828125,0.04900423809885979,0.42091837525367737,-0.0028854011323404165,0.9993552654202122,0.6902018785476685,0.538669228553772,0.17497020959854126,1,32,42,0.01,1,
exp_b_T1_r32_free_s42_a149.pth,lora,0.6796475648880005,0.6724250316619873,0.8357090950012207,0.787411093711853,0.7630242109298706,65.05792236328125,3.4373090267181396,0.38201531767845154,-0.03476777890671731,0.9943508253011215,0.500701367855072,0.39833760261535645,0.39244335889816284,1,32,42,0.01,1,
exp_b_T1_r32_free_s7_a10000.pth,lora,0.5194212198257446,0.522000789642334,0.6404513120651245,0.5893440246582031,0.6904239654541016,1603.239501953125,5.881287097930908,0.31823980808258057,-0.10786031084825426,1.0374326050994802,0.31086909770965576,0.1859380304813385,0.46711403131484985,1,32,7,0.01,1,
exp_b_T1_r32_free_s999_a10000.pth,lora,0.49799656867980957,0.48624181747436523,0.6968891620635986,0.6224643588066101,0.7062060236930847,1395.915283203125,5.916620254516602,0.3252550959587097,-0.16327912893056293,1.066419481574174,0.38300779461860657,0.3335134983062744,0.5576515197753906,1,32,999,0.01,1,
exp_b_T1_r32_s42_a10000.pth,lora,0.6966038942337036,0.697113037109375,0.8255789279937744,0.7911126613616943,0.7630242109298706,158.70526123046875,3.355020523071289,0.4011479616165161,-0.08883674400822522,0.969585323992764,0.5213872790336609,0.4322933554649353,0.39698848128318787,1,32,42,0.01,1,
exp_b_T1_r32_s42_a149.pth,full,0.9605361223220825,0.984760046005249,0.97319096326828,0.9915546774864197,0.7630242109298706,1.27093505859375,0.23864877223968506,0.45344388484954834,-0.04074915636508375,1.042300004814538,0.6719846725463867,0.5376015901565552,0.18098817765712738,1,32,42,0.01,1,
exp_b_T1_r32_s42_a149.pth,lora,0.14748317003250122,0.1316065788269043,0.27886027097702026,0.1962304562330246,0.7630242109298706,1430.7774658203125,12.207117080688477,0.5695152878761292,-1.000124970189945,1.5883882562380855,0.10894782096147537,0.09978827089071274,0.13409627974033356,1,32,42,0.01,1,
exp_b_T1_r4_free_s42_a10000.pth,lora,0.5087670087814331,0.5242101550102234,0.7533888816833496,0.7141354084014893,0.7630242109298706,355.9246520996094,3.818192720413208,0.3979591727256775,-0.10493565725340524,0.9998637239140782,0.3559178113937378,0.2929595708847046,0.31698673963546753,1,4,42,0.01,1,
exp_b_T1_r4_s42_a10000.pth,lora,0.6147830486297607,0.6579791307449341,0.8002498149871826,0.8104807734489441,0.7630242109298706,161.63238525390625,2.7799324989318848,0.3577806055545807,-0.13926649155643148,0.9332766311875902,0.4496602416038513,0.38962066173553467,0.3759814500808716,1,4,42,0.01,1,
exp_b_T1_r64_free_s42_a10000.pth,lora,0.6354348659515381,0.6165862679481506,0.7268895506858826,0.6747686862945557,0.7630242109298706,1388.21240234375,4.182555675506592,0.4878826439380646,-0.22782971984779482,1.1468239195123597,0.5080915093421936,0.4145359694957733,0.22947275638580322,1,64,42,0.01,1,
exp_b_T1_r64_free_s42_a149.pth,full,0.719342052936554,0.6609070301055908,0.749497652053833,0.6745721697807312,0.7630242109298706,1464.0517578125,4.956414699554443,0.5497449040412903,-0.3265017441867267,1.2384713447788456,0.5964958667755127,0.4707906246185303,0.17958024144172668,1,64,42,0.01,1,
exp_b_T1_r64_free_s42_a149.pth,lora,0.26320773363113403,0.28780484199523926,0.37879830598831177,0.3773536682128906,0.7630242109298706,614.161865234375,7.911837100982666,0.5338010191917419,-1.0000379906175736,1.5803998689511958,0.13797959685325623,0.13202518224716187,0.16134902834892273,1,64,42,0.01,1,
exp_b_T1_r64_s42_a10000.pth,lora,0.7140974998474121,0.6967947483062744,0.8281852006912231,0.7738341093063354,0.7630242109298706,123.43878173828125,3.5964903831481934,0.36862245202064514,-0.0813262592489788,0.9921514467641566,0.5494489669799805,0.44169580936431885,0.45875176787376404,1,64,42,0.01,1,
exp_b_T1_r64_s42_a149.pth,full,0.9605361223220825,0.984760046005249,0.97319096326828,0.9915546774864197,0.7630242109298706,1.27093505859375,0.23864877223968506,0.45344388484954834,-0.04074915636508375,1.042300004814538,0.6719846725463867,0.5376015901565552,0.18098817765712738,1,64,42,0.01,1,
exp_b_T1_r64_s42_a149.pth,lora,0.6919534206390381,0.710541844367981,0.7827771902084351,0.7730156183242798,0.7630242109298706,419.210205078125,3.4249181747436523,0.4381377696990967,-0.15551535656607923,1.0478721324599503,0.5341485738754272,0.43732401728630066,0.4105216860771179,1,64,42,0.01,1,
exp_b_T1_r8_free_s0_a10000.pth,full,0.5925594568252563,0.5750390291213989,0.6860169172286987,0.6555638909339905,0.8091709613800049,1621.4725341796875,4.579181671142578,0.43176019191741943,-0.10678537620319949,1.0707242460876623,0.46830472350120544,0.368159681558609,0.3911462426185608,1,8,0,0.01,1,
exp_b_T1_r8_free_s0_a10000.pth,lora,0.57740718126297,0.5698608756065369,0.6835089921951294,0.6604587435722351,0.8091709613800049,1635.731689453125,4.590537071228027,0.4068877696990967,-0.09148208500339677,1.0330316003378657,0.45507001876831055,0.3696304261684418,0.3923080861568451,1,8,0,0.01,1,
exp_b_T1_r8_free_s0_a149.pth,full,0.5925594568252563,0.5750390291213989,0.6860169172286987,0.6555638909339905,0.8091709613800049,1621.4725341796875,4.579181671142578,0.43176019191741943,-0.10678537620319949,1.0707242460876623,0.46830472350120544,0.368159681558609,0.3911462426185608,1,8,0,0.01,1,
exp_b_T1_r8_free_s0_a149.pth,lora,0.57740718126297,0.5698608756065369,0.6835089921951294,0.6604587435722351,0.8091709613800049,1635.731689453125,4.590537071228027,0.4068877696990967,-0.09148208500339677,1.0330316003378657,0.45507001876831055,0.3696304261684418,0.3923080861568451,1,8,0,0.01,1,
exp_b_T1_r8_free_s1_a10000.pth,full,0.562207043170929,0.5975288152694702,0.6726599931716919,0.6786340475082397,0.7600963115692139,1572.014404296875,5.342349529266357,0.3348214328289032,-0.12006909910571131,1.055656475201274,0.3960224688053131,0.3367616832256317,0.578427791595459,1,8,1,0.01,1,
exp_b_T1_r8_free_s1_a10000.pth,lora,0.5528445839881897,0.596097469329834,0.6718060970306396,0.6878345012664795,0.7600963115692139,1578.3511962890625,5.364055156707764,0.3392857015132904,-0.08913801639641274,1.0410692684450076,0.3895680904388428,0.34120893478393555,0.5849665403366089,1,8,1,0.01,1,
exp_b_T1_r8_free_s1_a149.pth,full,0.562207043170929,0.5975288152694702,0.6726599931716919,0.6786340475082397,0.7600963115692139,1572.014404296875,5.342349529266357,0.3348214328289032,-0.12006909910571131,1.055656475201274,0.3960224688053131,0.3367616832256317,0.578427791595459,1,8,1,0.01,1,
exp_b_T1_r8_free_s1_a149.pth,lora,0.5528445839881897,0.596097469329834,0.6718060970306396,0.6878345012664795,0.7600963115692139,1578.3511962890625,5.364055156707764,0.3392857015132904,-0.08913801639641274,1.0410692684450076,0.3895680904388428,0.34120893478393555,0.5849665403366089,1,8,1,0.01,1,
exp_b_T1_r8_free_s2_a10000.pth,full,0.5364989042282104,0.5539320707321167,0.6598250865936279,0.6451583504676819,0.7587735652923584,1494.126220703125,5.080739498138428,0.34948980808258057,-0.10552544042359907,1.0540534932729495,0.3534124493598938,0.26084303855895996,0.5517831444740295,1,8,2,0.01,1,
exp_b_T1_r8_free_s2_a10000.pth,lora,0.5724406838417053,0.5844767093658447,0.683815598487854,0.6669818162918091,0.7587735652923584,1473.3775634765625,5.076650142669678,0.3628826439380646,-0.13596180176162312,1.109200071284429,0.38857656717300415,0.28848397731781006,0.5595799684524536,1,8,2,0.01,1,
exp_b_T1_r8_free_s2_a149.pth,full,0.5364989042282104,0.5539320707321167,0.6598250865936279,0.6451583504676819,0.7587735652923584,1494.126220703125,5.080739498138428,0.34948980808258057,-0.10552544042359907,1.0540534932729495,0.3534124493598938,0.26084303855895996,0.5517831444740295,1,8,2,0.01,1,
exp_b_T1_r8_free_s2_a149.pth,lora,0.5724406838417053,0.5844767093658447,0.683815598487854,0.6669818162918091,0.7587735652923584,1473.3775634765625,5.076650142669678,0.3628826439380646,-0.13596180176162312,1.109200071284429,0.38857656717300415,0.28848397731781006,0.5595799684524536,1,8,2,0.01,1,
exp_b_T1_r8_free_s3_a10000.pth,full,0.4860730767250061,0.45155084133148193,0.6418423652648926,0.5690852403640747,0.69260573387146,1563.9998779296875,6.123866081237793,0.3348214328289032,-0.09063481824363631,1.0261530125766833,0.3053625822067261,0.1873282790184021,0.5045727491378784,1,8,3,0.01,1,
exp_b_T1_r8_free_s3_a10000.pth,lora,0.5167555212974548,0.46738505363464355,0.62474125623703,0.560325026512146,0.69260573387146,1566.8841552734375,6.132874488830566,0.33801019191741943,-0.09816072351817845,1.037811875217304,0.33488112688064575,0.2018352448940277,0.4955943822860718,1,8,3,0.01,1,
exp_b_T1_r8_free_s3_a149.pth,full,0.4860730767250061,0.45155084133148193,0.6418423652648926,0.5690852403640747,0.69260573387146,1563.9998779296875,6.123866081237793,0.3348214328289032,-0.09063481824363631,1.0261530125766833,0.3053625822067261,0.1873282790184021,0.5045727491378784,1,8,3,0.01,1,
exp_b_T1_r8_free_s3_a149.pth,lora,0.5167555212974548,0.46738505363464355,0.62474125623703,0.560325026512146,0.69260573387146,1566.8841552734375,6.132874488830566,0.33801019191741943,-0.09816072351817845,1.037811875217304,0.33488112688064575,0.2018352448940277,0.4955943822860718,1,8,3,0.01,1,
exp_b_T1_r8_free_s42_a10.pth,lora,0.41411739587783813,0.407840758562088,0.6290828585624695,0.5664243102073669,0.7630242109298706,745.7444458007812,7.896916389465332,0.4789540767669678,-1.0000683534075554,1.6633364551184124,0.29393619298934937,0.26880428194999695,0.41045162081718445,1,8,42,0.01,1,
exp_b_T1_r8_free_s42_a10000.pth,full,0.9943171143531799,0.9982234239578247,0.9967334270477295,0.9993125200271606,0.7630242109298706,0.02862548828125,0.04900423809885979,0.42091837525367737,-0.0028854011323404165,0.9993552654202122,0.6902018785476685,0.538669228553772,0.17497020959854126,1,8,42,0.01,1,
exp_b_T1_r8_free_s42_a10000.pth,lora,0.5911916494369507,0.6049391031265259,0.8086392283439636,0.7729008197784424,0.7630242109298706,202.8128662109375,3.4269847869873047,0.3890306055545807,-0.06715603360490757,1.0093178211475045,0.4155951142311096,0.3359118103981018,0.3239873945713043,1,8,42,0.01,1,
exp_b_T1_r8_free_s42_a149.pth,full,0.719342052936554,0.6609070301055908,0.749497652053833,0.6745721697807312,0.7630242109298706,1464.0517578125,4.956414699554443,0.5497449040412903,-0.3265017441867267,1.2384713447788456,0.5964958667755127,0.4707906246185303,0.17958024144172668,1,8,42,0.01,1,
exp_b_T1_r8_free_s42_a149.pth,lora,0.06580711901187897,0.05025114864110947,0.2722165584564209,0.14589989185333252,0.7630242109298706,1535.79931640625,13.524065017700195,0.5127550959587097,-1.0001200347660573,1.5983600406164888,0.044383130967617035,0.043781641870737076,0.13049548864364624,1,8,42,0.01,1,
exp_b_T1_r8_free_s4_a149.pth,full,0.9881840944290161,0.9968284368515015,0.9923572540283203,0.9985200762748718,0.7807796597480774,0.03369140625,0.1028125137090683,0.3520408272743225,-0.0037427819811456423,1.0013168659600244,0.5282588601112366,0.29388657212257385,0.27313414216041565,1,8,4,0.01,1,
exp_b_T1_r8_free_s4_a149.pth,lora,0.5216764807701111,0.5817551016807556,0.7162247896194458,0.721422553062439,0.7807796597480774,1106.22802734375,4.949157238006592,0.35522958636283875,-0.08501206836347096,1.0552964017481634,0.2666666805744171,0.17775100469589233,0.27746132016181946,1,8,4,0.01,1,
exp_b_T1_r8_free_s5_a149.pth,full,0.5950276851654053,0.5872905850410461,0.7524519562721252,0.7043071985244751,0.7858287692070007,1546.7486572265625,4.930797576904297,0.38647958636283875,-0.10169818941055972,1.0779467480993523,0.40484675765037537,0.3127437233924866,0.5155631303787231,1,8,5,0.01,1,
exp_b_T1_r8_free_s5_a149.pth,lora,0.5761830806732178,0.57966548204422,0.7518666982650757,0.7085932493209839,0.7858287692070007,1559.02197265625,4.959432601928711,0.3647959232330322,-0.11362199908891776,1.0886824981039935,0.3890138268470764,0.3091186285018921,0.5109505653381348,1,8,5,0.01,1,
exp_b_T1_r8_free_s6_a149.pth,full,0.5508850812911987,0.5443086624145508,0.7017382383346558,0.6627134680747986,0.7806798815727234,1533.9705810546875,4.769383907318115,0.3781887888908386,-0.11110951849386924,1.066248708487759,0.42722320556640625,0.36555051803588867,0.5289002060890198,1,8,6,0.01,1,
exp_b_T1_r8_free_s6_a149.pth,lora,0.5569672584533691,0.5473395586013794,0.717083752155304,0.6699782609939575,0.7806798815727234,1538.778564453125,4.776328086853027,0.38647958636283875,-0.11755476042582742,1.0268732790108683,0.43324363231658936,0.3698199391365051,0.5478430390357971,1,8,6,0.01,1,
exp_b_T1_r8_free_s7_a149.pth,full,0.523882269859314,0.5226776003837585,0.6390883326530457,0.5885597467422485,0.6904239654541016,1520.760498046875,5.871667385101318,0.3169642984867096,-0.10465333063897612,1.03960865884378,0.3147711455821991,0.1875295788049698,0.4666610360145569,1,8,7,0.01,1,
exp_b_T1_r8_free_s7_a149.pth,lora,0.5240257382392883,0.5285184979438782,0.6446579694747925,0.5981794595718384,0.6904239654541016,1525.390869140625,5.86441707611084,0.3035714328289032,-0.11721676958252361,1.0372255384306321,0.31716135144233704,0.1898757517337799,0.4682549834251404,1,8,7,0.01,1,
exp_b_T1_r8_free_s8_a149.pth,full,0.5238901376724243,0.5254144668579102,0.738311231136322,0.6820316314697266,0.7070288062095642,1346.53857421875,5.837518692016602,0.3163265287876129,-0.09246891410762237,1.0720115429784507,0.3714693486690521,0.33160147070884705,0.5620580911636353,1,8,8,0.01,1,
exp_b_T1_r8_free_s8_a149.pth,lora,0.5344228148460388,0.5287395715713501,0.7370218634605408,0.6795965433120728,0.7070288062095642,1458.186279296875,5.87156867980957,0.3214285671710968,-0.09484810938622386,1.0418641408063833,0.38404327630996704,0.3375997543334961,0.5634479522705078,1,8,8,0.01,1,
exp_b_T1_r8_free_s9_a149.pth,full,0.5263022780418396,0.49225306510925293,0.6508260369300842,0.5913822650909424,0.7429673671722412,1482.5028076171875,5.161774635314941,0.34247449040412903,-0.09256078900330544,1.0130736919843133,0.3550449013710022,0.2212994396686554,0.4865662157535553,1,8,9,0.01,1,
exp_b_T1_r8_free_s9_a149.pth,lora,0.5296931266784668,0.4945061504840851,0.6521929502487183,0.5935173034667969,0.7429673671722412,1517.1046142578125,5.174969673156738,0.38201531767845154,-0.09793161836837024,0.9898534852309471,0.3574155271053314,0.22303630411624908,0.4894871413707733,1,8,9,0.01,1,
exp_b_T1_r8_s42_a10.pth,lora,0.1768774688243866,0.16576963663101196,0.479164719581604,0.3396906852722168,0.7630242109298706,1091.80517578125,12.229860305786133,0.4955357015132904,-1.000239042622169,1.5686744202225311,0.12281949818134308,0.11172929406166077,0.32372045516967773,1,8,42,0.01,1,
exp_b_T1_r8_s42_a10000.pth,lora,0.6916433572769165,0.7504938840866089,0.8118456602096558,0.8507919311523438,0.7630242109298706,77.350830078125,1.8027591705322266,0.37372449040412903,-0.13222746634663568,1.0609804171635426,0.5065796375274658,0.4552542269229889,0.29923856258392334,1,8,42,0.01,1,
exp_b_T1_r8_s42_a149_gelu.pth,lora,0.04127294570207596,0.02985425293445587,0.19819709658622742,0.08435560762882233,0.7630242109298706,1329.0765380859375,17.97730255126953,0.5625,-1.000012282920453,1.998044099624291,0.020253609865903854,0.017619838938117027,0.10256896913051605,1,8,42,0.01,1,
exp_b_T1_r8_s42_a149_gelu_lr0.03.pth,lora,0.038059961050748825,0.02715863101184368,0.1601969599723816,0.06636855006217957,0.7630242109298706,1335.3021240234375,18.412052154541016,0.5835459232330322,-1.0001140022008423,1.9980858622532292,0.01798037812113762,0.015575219877064228,0.08231794834136963,1,8,42,0.03,1,0.0
exp_b_T1_r8_s42_a149_silu.pth,lora,0.34087643027305603,0.2919313907623291,0.5590794086456299,0.4688776135444641,0.7630242109298706,1337.680908203125,8.203804016113281,0.3966836631298065,-0.9239926704070403,1.4939254427395594,0.27603089809417725,0.224943146109581,0.4390830397605896,1,8,42,0.01,1,
exp_b_T1_r8_s42_a149_softplus.pth,lora,0.49736374616622925,0.48660412430763245,0.6504870057106018,0.6085078716278076,0.7630242109298706,1149.797119140625,4.785266876220703,0.44387754797935486,-0.4912274193120428,1.3181432197616574,0.3819693922996521,0.30498701333999634,0.44795531034469604,1,8,42,0.01,1,
exp_b_T1_r8_s42_a150.pth,lora,0.18284626305103302,0.14279307425022125,0.3237912952899933,0.238661527633667,0.7630242109298706,1437.28271484375,12.001002311706543,0.5899234414100647,-1.0003470305457778,1.627602995565641,0.1358436644077301,0.10212229937314987,0.14921033382415771,1,8,42,0.01,1,
exp_b_T1_r8_s42_a50.pth,lora,0.14909037947654724,0.14423641562461853,0.2982628345489502,0.22529160976409912,0.7630242109298706,1092.9822998046875,12.059940338134766,0.5102040767669678,-1.000144786808231,1.613788498351985,0.08133792132139206,0.06665237993001938,0.1484002023935318,1,8,42,0.01,1,
exp_b_T2_full_s42_a149.pth,full,0.8126944303512573,0.8297150135040283,0.8613219261169434,0.8541663885116577,0.7630242109298706,12.57659912109375,2.332918405532837,0.3852040767669678,-0.04771646658254118,1.0151743728428844,0.6099891662597656,0.49824804067611694,0.392139732837677,2,,42,0.01,1,
exp_b_T5_full_s42_a149.pth,full,0.7573497295379639,0.7136327624320984,0.820832371711731,0.7459777593612671,0.7630242109298706,69.3741455078125,4.001314163208008,0.3297193944454193,-0.019875389433380616,0.9940154803546765,0.5939370393753052,0.4564855098724365,0.4884503483772278,5,,42,0.01,1,
exp_b_T5_r8_s42_a149.pth,lora,0.03480464965105057,0.022815942764282227,0.19134753942489624,0.07854487746953964,0.7630242109298706,1375.4349365234375,18.143512725830078,0.6039540767669678,-1.0001634075362342,1.9981038105279614,0.020334474742412567,0.015995867550373077,0.09876960515975952,5,8,42,0.01,1,
