file,dataset,T,rank,activation,lr,margin_norm,ssim,ctrl_ssim,ssim11,ctrl_ssim11,ssim_norm,ctrl_ssim_norm,ssim_norm11,ctrl_ssim_norm11,ncc,ctrl_ncc,l2,ctrl_l2,ssim_mean_baseline,ctrl_ssim_mean_baseline,clipped_fraction,ctrl_clipped_fraction
exp_b_T10_flowers32_r32_free_s42_a10000_lr0.0003.pth,flowers32,10,r32,(default),0.0003,0.1907,0.5906689763069153,0.40821588039398193,0.6248724460601807,0.4286743998527527,0.5715618133544922,0.3808695375919342,0.6239665746688843,0.4305712580680847,4908.7509765625,5407.802734375,6.71870756149292,9.72889518737793,0.6463714241981506,0.452078640460968,0.0,0.0
exp_b_T10_flowers32_r32_free_s42_a10000_lr0.001.pth,flowers32,10,r32,(default),0.001,0.1971,0.6079989671707153,0.41976800560951233,0.6392930150032043,0.43833988904953003,0.5885410308837891,0.3914184272289276,0.6382846832275391,0.4393724203109741,4341.267578125,5002.5966796875,6.561784744262695,9.618289947509766,0.6463714241981506,0.452078640460968,0.0,0.0
exp_b_T10_flowers32_r32_free_s42_a10000_lr0.003.pth,flowers32,10,r32,(default),0.003,0.1885,0.5952658653259277,0.4155874252319336,0.6269023418426514,0.4344428479671478,0.5763541460037231,0.3878987431526184,0.6259363889694214,0.43600165843963623,4798.947265625,5194.21240234375,6.681780815124512,9.655900001525879,0.6463714241981506,0.452078640460968,0.0,0.0
exp_b_T10_flowers32_r8_free_s42_a10000_lr0.0003.pth,flowers32,10,r8,(default),0.0003,0.2193,0.6406410932540894,0.43231201171875,0.6724439859390259,0.45282524824142456,0.6235726475715637,0.4042864441871643,0.6728639602661133,0.4540466070175171,3148.12060546875,4370.931640625,6.234285354614258,9.433155059814453,0.6463714241981506,0.452078640460968,0.0,0.0
exp_b_T10_flowers32_r8_free_s42_a10000_lr0.001.pth,flowers32,10,r8,(default),0.001,0.2056,0.6421064138412476,0.44620123505592346,0.669887363910675,0.46235913038253784,0.6254091262817383,0.41982632875442505,0.6707179546356201,0.4654320180416107,3132.358154296875,3860.989013671875,6.223252296447754,9.306110382080078,0.6463714241981506,0.452078640460968,0.0,0.0
exp_b_T10_flowers32_r8_free_s42_a10000_lr0.003.pth,flowers32,10,r8,(default),0.003,0.24,0.5948182940483093,0.3639068305492401,0.6152461767196655,0.3730812668800354,0.5747231245040894,0.33472010493278503,0.6119272112846375,0.3724258244037628,5739.01806640625,7187.73779296875,6.827929496765137,10.198904037475586,0.6463714241981506,0.452078640460968,0.0,0.0
exp_b_T20_flowers32_r32_free_s42_a10000_lr0.00015.pth,flowers32,20,r32,(default),0.00015,0.1905,0.5902805924415588,0.40802183747291565,0.6244564652442932,0.428455114364624,0.5711705684661865,0.3806664049625397,0.6235493421554565,0.43034690618515015,4926.951171875,5419.2490234375,6.723444938659668,9.731704711914062,0.6463714241981506,0.452078640460968,0.0,0.0
exp_b_T20_flowers32_r32_free_s42_a10000_lr0.0005.pth,flowers32,20,r32,(default),0.0005,0.1999,0.6125332713127136,0.42213883996009827,0.6440150737762451,0.44109517335891724,0.5930273532867432,0.3930920660495758,0.6426745653152466,0.44186484813690186,4150.890625,4832.41796875,6.508930683135986,9.570379257202148,0.6463714241981506,0.452078640460968,0.0,0.0
exp_b_T20_flowers32_r8_free_s42_a10000_lr0.00015.pth,flowers32,20,r8,(default),0.00015,0.2183,0.6387324333190918,0.4310815930366516,0.670457124710083,0.45154768228530884,0.6215351819992065,0.4032663106918335,0.6708923578262329,0.4529317617416382,3198.04443359375,4403.00390625,6.24999475479126,9.444347381591797,0.6463714241981506,0.452078640460968,0.0,0.0
exp_b_T20_flowers32_r8_free_s42_a10000_lr0.0005.pth,flowers32,20,r8,(default),0.0005,0.2172,0.6454790830612183,0.4390319883823395,0.6721785068511963,0.4537660479545593,0.6287789344787598,0.4115978181362152,0.672949492931366,0.4561522901058197,3051.8232421875,4110.9599609375,6.201743125915527,9.372159957885742,0.6463714241981506,0.452078640460968,0.0,0.0
exp_b_T20_flowers32_r8_free_s42_a10000_lr0.0015.pth,flowers32,20,r8,(default),0.0015,0.219,0.6092209815979004,0.39977800846099854,0.6351274847984314,0.41292819380760193,0.5901652574539185,0.3712110221385956,0.6330755949020386,0.41316843032836914,4949.203125,6204.6748046875,6.606555938720703,9.850113868713379,0.6463714241981506,0.452078640460968,0.0,0.0
exp_b_T5_flowers32_r32_free_s42_a10000_lr0.0006.pth,flowers32,5,r32,(default),0.0006,0.191,0.5920305252075195,0.40923410654067993,0.6263097524642944,0.42978501319885254,0.5728477835655212,0.381859689950943,0.6253372430801392,0.4316398501396179,4841.548828125,5353.2412109375,6.70007848739624,9.714315414428711,0.6463714241981506,0.452078640460968,0.0,0.0
exp_b_T5_flowers32_r32_free_s42_a10000_lr0.002.pth,flowers32,5,r32,(default),0.002,0.1977,0.6105680465698242,0.4216934144496918,0.6421902179718018,0.4404004216194153,0.5912561416625977,0.3935756981372833,0.6411858797073364,0.4415518045425415,4218.88916015625,4895.287109375,6.525044918060303,9.585683822631836,0.6463714241981506,0.452078640460968,0.0,0.0
exp_b_T5_flowers32_r32_free_s42_a10000_lr0.006.pth,flowers32,5,r32,(default),0.006,0.1893,0.5970272421836853,0.4164036512374878,0.6286981105804443,0.435036301612854,0.5782981514930725,0.3889774680137634,0.627806544303894,0.43671101331710815,4724.7373046875,5133.81982421875,6.662911415100098,9.634803771972656,0.6463714241981506,0.452078640460968,0.0,0.0
exp_b_T5_flowers32_r8_free_s42_a10000_lr0.0006.pth,flowers32,5,r8,(default),0.0006,0.2219,0.6467774510383606,0.43609076738357544,0.6783573627471924,0.45679226517677307,0.6298145055770874,0.40789079666137695,0.6786435842514038,0.4581677317619324,2970.247314453125,4205.5732421875,6.170986175537109,9.379629135131836,0.6463714241981506,0.452078640460968,0.0,0.0
exp_b_T5_flowers32_r8_free_s42_a10000_lr0.002.pth,flowers32,5,r8,(default),0.002,0.2083,0.6435908079147339,0.444803923368454,0.6704745292663574,0.4603269398212433,0.6270781755447388,0.4187406301498413,0.6712677478790283,0.4636351466178894,3122.78662109375,3888.78125,6.218748092651367,9.315601348876953,0.6463714241981506,0.452078640460968,0.0,0.0
exp_b_T5_flowers32_r8_free_s42_a10000_lr0.006.pth,flowers32,5,r8,(default),0.006,0.1993,0.607404351234436,0.41441625356674194,0.640338659286499,0.4350737929344177,0.5896230340003967,0.39029982686042786,0.6405929327011108,0.4390707314014435,4053.560302734375,4810.28076171875,6.453444480895996,9.547872543334961,0.6463714241981506,0.452078640460968,0.0,0.0
exp_b_T5_full_free_s42_a149_leaky_relu_lr0.002.pth,mnist,5,full,leaky_relu,0.002,0.6667,0.9082248210906982,0.6527911424636841,0.961123526096344,0.5341510772705078,0.9177801609039307,0.25105535984039307,0.9689329862594604,0.3039841055870056,0.21588134765625,1155.02490234375,0.6298556327819824,8.429007530212402,0.7630242109298706,0.6115466952323914,0.40752550959587097,0.40752550959587097
exp_b_T5_r16_free_s42_a149_leaky_relu_lr0.00054.pth,mnist,5,r16,leaky_relu,0.00054,0.4505,0.8204493522644043,0.6195070743560791,0.8008685111999512,0.48324722051620483,0.8526073694229126,0.40210604667663574,0.8226418495178223,0.3839685916900635,12.45977783203125,1140.5955810546875,2.8997812271118164,8.190189361572266,0.7630242109298706,0.6115466952323914,0.42219385504722595,0.42219385504722595
exp_b_T5_r8_free_s42_a149_leaky_relu_lr0.00054.pth,mnist,5,r8,leaky_relu,0.00054,0.6058,0.7897409200668335,0.5869749188423157,0.7744269371032715,0.4714523255825043,0.8603343367576599,0.2545589506626129,0.8194283246994019,0.27938324213027954,73.64276123046875,1215.58544921875,2.5459132194519043,8.439826965332031,0.7630242109298706,0.6115466952323914,0.4464285671710968,0.4464285671710968
exp_b_T5_r8_free_s42_a149_leaky_relu_lr0.00178.pth,mnist,5,r8,leaky_relu,0.00178,0.6312,0.7054977416992188,0.49885648488998413,0.7241075038909912,0.41773146390914917,0.8420505523681641,0.21084514260292053,0.8260607719421387,0.255830317735672,36.3758544921875,1167.26416015625,1.9656100273132324,8.317153930664062,0.7630242109298706,0.6115466952323914,0.4457907974720001,0.4457907974720001
exp_b_T5_r8_free_s42_a149_leaky_relu_lr0.0054.pth,mnist,5,r8,leaky_relu,0.0054,0.4831,0.7451231479644775,0.5721921324729919,0.7323930263519287,0.46706533432006836,0.8350445032119751,0.35196608304977417,0.7849277257919312,0.3414935767650604,1233.1326904296875,1402.5504150390625,2.954040050506592,8.282371520996094,0.7630242109298706,0.6115466952323914,0.4011479616165161,0.4011479616165161
