file,recon,ssim,ssim11,ssim_norm,ssim_norm11,ssim_mean_baseline,ncc,l2,clipped_fraction,pre_clamp_min,pre_clamp_max,ctrl_ssim,ctrl_ssim11,ctrl_ssim_norm,ctrl_margin,ctrl_margin_norm,weight_change,delta_w_effective_rank,feature_stability,ntk_passed,n_steps,rank,seed,finetune_activation,lr,n_per_class,loss_type,anchor_alpha,dataset,source,finetune_optimizer,verify_weight
exp_b_T1_r8_free_s42_a149_celu_lr0.0005.pth,lora,0.3433375358581543,0.3071419596672058,0.5759927034378052,0.503092348575592,0.7630242109298706,964.5780639648438,7.412611961364746,0.3973214328289032,-0.815163303347695,1.63603327561884,0.24132436513900757,0.1935330480337143,0.4207134246826172,0.10201317071914673,0.155279278755188,0.006256712678649802,2,0.9993518903508781,True,1,8,42,celu,0.0005,1,l2,0.0,mnist,all,sgd,1.0
exp_b_T1_r8_free_s42_a149_celu_lr0.0024.pth,lora,0.08004175871610641,0.05369481071829796,0.3958020806312561,0.21263475716114044,0.7630242109298706,1205.3486328125,15.568982124328613,0.49298468232154846,-1.0000163465266847,1.9980402109227622,0.07183670252561569,0.06454060971736908,0.3254721164703369,0.008205056190490723,0.07032996416091919,0.03003222085751905,2,0.9852977053221963,False,1,8,42,celu,0.0024,1,l2,0.0,mnist,all,sgd,1.0
exp_b_T1_r8_free_s42_a149_celu_lr0.008.pth,lora,0.03931839391589165,0.024994373321533203,0.2054118514060974,0.09880100190639496,0.7630242109298706,1493.6295166015625,16.613624572753906,0.581632673740387,-1.000029026364089,1.998064099272866,0.050098832696676254,0.06477881968021393,0.13759544491767883,-0.010780438780784607,0.06781640648841858,0.10010740285839684,2,0.8647236828886772,False,1,8,42,celu,0.008,1,l2,0.0,mnist,all,sgd,1.0
exp_b_T1_r8_free_s42_a149_celu_lr0.024.pth,lora,0.0668589323759079,0.035026248544454575,0.3037734925746918,0.1667504459619522,0.7630242109298706,1491.57861328125,16.211462020874023,0.5701530575752258,-1.0003000669605222,1.9982493104683035,0.06994456052780151,0.07363344728946686,0.1978665292263031,-0.0030856281518936157,0.10590696334838867,0.30032220857519054,2,0.4844329733637911,False,1,8,42,celu,0.024,1,l2,0.0,mnist,all,sgd,1.0
exp_b_T1_r8_free_s42_a149_elu_lr0.0005.pth,lora,0.3433375358581543,0.3071419596672058,0.5759927034378052,0.503092348575592,0.7630242109298706,964.5780639648438,7.412611961364746,0.3973214328289032,-0.815163303347695,1.63603327561884,0.24132436513900757,0.1935330480337143,0.4207134246826172,0.10201317071914673,0.155279278755188,0.006256712678649802,2,0.9993518903508781,True,1,8,42,elu,0.0005,1,l2,0.0,mnist,all,sgd,1.0
exp_b_T1_r8_free_s42_a149_elu_lr0.0024.pth,lora,0.08004175871610641,0.05369481071829796,0.3958020806312561,0.21263475716114044,0.7630242109298706,1205.3486328125,15.568982124328613,0.49298468232154846,-1.0000163465266847,1.9980402109227622,0.07183670252561569,0.06454060971736908,0.3254721164703369,0.008205056190490723,0.07032996416091919,0.03003222085751905,2,0.9852977053221963,False,1,8,42,elu,0.0024,1,l2,0.0,mnist,all,sgd,1.0
exp_b_T1_r8_free_s42_a149_elu_lr0.008.pth,lora,0.03931839391589165,0.024994373321533203,0.2054118514060974,0.09880100190639496,0.7630242109298706,1493.6295166015625,16.613624572753906,0.581632673740387,-1.000029026364089,1.998064099272866,0.050098832696676254,0.06477881968021393,0.13759544491767883,-0.010780438780784607,0.06781640648841858,0.10010740285839684,2,0.8647236828886772,False,1,8,42,elu,0.008,1,l2,0.0,mnist,all,sgd,1.0
exp_b_T1_r8_free_s42_a149_elu_lr0.024.pth,lora,0.0668589323759079,0.035026248544454575,0.3037734925746918,0.1667504459619522,0.7630242109298706,1491.57861328125,16.211462020874023,0.5701530575752258,-1.0003000669605222,1.9982493104683035,0.06994456052780151,0.07363344728946686,0.1978665292263031,-0.0030856281518936157,0.10590696334838867,0.30032220857519054,2,0.4844329733637911,False,1,8,42,elu,0.024,1,l2,0.0,mnist,all,sgd,1.0
exp_b_T1_r8_free_s42_a149_gelu_lr0.0013.pth,lora,0.40190500020980835,0.362007737159729,0.6184980869293213,0.5414067506790161,0.7630242109298706,825.71533203125,8.097991943359375,0.4496173560619354,-0.9999608038334459,1.6646828493973356,0.29481393098831177,0.24300523102283478,0.4506450891494751,0.10709106922149658,0.1678529977798462,0.005084435217964105,2,0.9993808217550832,True,1,8,42,gelu,0.0013,1,l2,0.0,mnist,all,sgd,1.0
exp_b_T1_r8_free_s42_a149_gelu_lr0.0077.pth,lora,0.042013101279735565,0.03101702779531479,0.16869305074214935,0.07201359421014786,0.7630242109298706,1310.5966796875,18.313493728637695,0.5637755393981934,-1.0000071349107686,1.99804233792668,0.019073588773608208,0.016899434849619865,0.08645811676979065,0.022939512506127357,0.0822349339723587,0.030115500906402783,2,0.9787134599785504,False,1,8,42,gelu,0.0077,1,l2,0.0,mnist,all,sgd,1.0
exp_b_T1_r8_free_s42_a149_gelu_lr0.0256.pth,lora,0.030913501977920532,0.017787041142582893,0.16629481315612793,0.06474380940198898,0.7630242109298706,1438.82080078125,19.194124221801758,0.6288265585899353,-1.0000868978447974,1.998078907730498,0.01610567234456539,0.011999808251857758,0.08360911905765533,0.01480782963335514,0.0826856940984726,0.1001242627537547,2,0.8144139290628244,False,1,8,42,gelu,0.0256,1,l2,0.0,mnist,all,sgd,1.0
exp_b_T1_r8_free_s42_a149_gelu_lr0.0767.pth,lora,0.030395152047276497,0.01720130816102028,0.16191253066062927,0.06285879760980606,0.7630242109298706,1443.43359375,19.266616821289062,0.6307398080825806,-1.0007247268529795,1.9983942445682361,0.016023259609937668,0.01197858713567257,0.0812964141368866,0.014371892437338829,0.08061611652374268,0.2999816778598823,2,0.40906931012754144,False,1,8,42,gelu,0.0767,1,l2,0.0,mnist,all,sgd,1.0
exp_b_T1_r8_free_s42_a149_gelu_tanh_lr0.0013.pth,lora,0.40336769819259644,0.37224507331848145,0.619274914264679,0.5467562675476074,0.7630242109298706,869.5357666015625,7.801698684692383,0.4515306055545807,-0.9999917485893474,1.6621712497980765,0.29492366313934326,0.2451530396938324,0.4321873188018799,0.10844403505325317,0.18708759546279907,0.005084343592640838,2,0.9993808784187277,True,1,8,42,gelu_tanh,0.0013,1,l2,0.0,mnist,all,sgd,1.0
exp_b_T1_r8_free_s42_a149_gelu_tanh_lr0.0077.pth,lora,0.042178526520729065,0.031091347336769104,0.17217038571834564,0.07352146506309509,0.7630242109298706,1309.82861328125,18.27059555053711,0.5650510191917419,-1.0000069310961346,1.9980422086669158,0.019382845610380173,0.017271563410758972,0.08838832378387451,0.022795680910348892,0.08378206193447113,0.03011495820256497,2,0.9787156741389281,False,1,8,42,gelu_tanh,0.0077,1,l2,0.0,mnist,all,sgd,1.0
exp_b_T1_r8_free_s42_a149_gelu_tanh_lr0.0256.pth,lora,0.03092125430703163,0.017812391743063927,0.16644152998924255,0.06483368575572968,0.7630242109298706,1438.7928466796875,19.190414428710938,0.6307398080825806,-1.0000863725504234,1.9980793295179995,0.016094621270895004,0.012019611895084381,0.08367990702390671,0.014826633036136627,0.08276162296533585,0.10012245843969653,2,0.8144467295069352,False,1,8,42,gelu_tanh,0.0256,1,l2,0.0,mnist,all,sgd,1.0
exp_b_T1_r8_free_s42_a149_gelu_tanh_lr0.0767.pth,lora,0.0303981713950634,0.017206735908985138,0.16194666922092438,0.06288032233715057,0.7630242109298706,1443.4835205078125,19.266679763793945,0.6313775777816772,-1.00072445907132,1.9983932857091964,0.016022630035877228,0.011986867524683475,0.08132156729698181,0.014375541359186172,0.08062510192394257,0.2999762719658095,2,0.4091059168290112,False,1,8,42,gelu_tanh,0.0767,1,l2,0.0,mnist,all,sgd,1.0
exp_b_T1_r8_free_s42_a149_hardswish_lr0.0014.pth,lora,0.35859933495521545,0.3211979568004608,0.5826060771942139,0.5083316564559937,0.7630242109298706,1081.14501953125,7.852071285247803,0.40816327929496765,-0.9422551630195682,1.4976412251548399,0.27056145668029785,0.22276443243026733,0.44794654846191406,0.0880378782749176,0.1346595287322998,0.0048730343757495435,2,0.9996036077943549,True,1,8,42,hardswish,0.0014,1,l2,0.0,mnist,all,sgd,1.0
exp_b_T1_r8_free_s42_a149_hardswish_lr0.0086.pth,lora,0.04311675578355789,0.027300408110022545,0.2777050733566284,0.11689811944961548,0.7630242109298706,1326.1431884765625,18.10185432434082,0.5471938848495483,-1.0000041359490464,1.9980408078442409,0.03556530922651291,0.03060654178261757,0.17669063806533813,0.007551446557044983,0.10101443529129028,0.029934354022461484,2,0.9852803205556389,False,1,8,42,hardswish,0.0086,1,l2,0.0,mnist,all,sgd,1.0
exp_b_T1_r8_free_s42_a149_hardswish_lr0.0287.pth,lora,0.1387765109539032,0.09318404644727707,0.44049814343452454,0.27148765325546265,0.7630242109298706,1476.33837890625,14.161006927490234,0.5535714030265808,-1.000056120194049,1.9980614284528715,0.1158633604645729,0.0952165424823761,0.2899218201637268,0.022913150489330292,0.15057632327079773,0.09989720470286563,2,0.8623627902676445,False,1,8,42,hardswish,0.0287,1,l2,0.0,mnist,all,sgd,1.0
exp_b_T1_r8_free_s42_a149_hardswish_lr0.0862.pth,lora,0.13847321271896362,0.09300253540277481,0.44036009907722473,0.2712462544441223,0.7630242109298706,1476.6826171875,14.173482894897461,0.5573979616165161,-1.000505105644922,1.9982382416635243,0.11564763635396957,0.09508100897073746,0.2895604074001312,0.02282557636499405,0.1507996916770935,0.30003968799257896,2,0.46401266060452173,False,1,8,42,hardswish,0.0862,1,l2,0.0,mnist,all,sgd,1.0
exp_b_T1_r8_free_s42_a149_leaky_relu_lr0.0005.pth,lora,0.6837401390075684,0.7123534679412842,0.837088942527771,0.8364526629447937,0.7630242109298706,20.39971923828125,2.103930950164795,0.4598214328289032,-0.18578488330359633,1.1804174599365171,0.46604079008102417,0.3936464786529541,0.17990484833717346,0.2176993489265442,0.6571840941905975,0.005611492645664853,2,0.9569520669508024,False,1,8,42,leaky_relu,0.0005,1,l2,0.0,mnist,all,sgd,1.0
exp_b_T1_r8_free_s42_a149_leaky_relu_lr0.0027.pth,lora,0.7661699056625366,0.7506244778633118,0.8521701693534851,0.8019532561302185,0.7630242109298706,628.6663208007812,4.210681438446045,0.4770408272743225,-0.45186016465254886,1.4405191530942236,0.5867130756378174,0.47243785858154297,0.3248750567436218,0.17945683002471924,0.5272951126098633,0.030302060286590205,2,0.8272220397509805,False,1,8,42,leaky_relu,0.0027,1,l2,0.0,mnist,all,sgd,1.0
exp_b_T1_r8_free_s42_a149_leaky_relu_lr0.0089.pth,lora,0.7504818439483643,0.7438597083091736,0.8558592796325684,0.8144485950469971,0.7630242109298706,249.20355224609375,4.079639434814453,0.4789540767669678,-0.47016978567358847,1.4462781340472972,0.561951220035553,0.4546278715133667,0.3096974194049835,0.18853062391281128,0.5461618602275848,0.09988456909283437,2,0.6505896077053087,False,1,8,42,leaky_relu,0.0089,1,l2,0.0,mnist,all,sgd,1.0
exp_b_T1_r8_free_s42_a149_leaky_relu_lr0.0267.pth,lora,0.6869773864746094,0.7151023149490356,0.8366259336471558,0.8351328372955322,0.7630242109298706,20.14959716796875,2.0061068534851074,0.46173468232154846,-0.16037602391033834,1.1558835166703654,0.4686996638774872,0.3954628109931946,0.18056833744049072,0.2182777225971222,0.656057596206665,0.29965370727850316,2,0.37586282959550443,False,1,8,42,leaky_relu,0.0267,1,l2,0.0,mnist,all,sgd,1.0
exp_b_T1_r8_free_s42_a149_mish_lr0.0009.pth,lora,0.39141368865966797,0.35092076659202576,0.6102495789527893,0.5342792272567749,0.7630242109298706,958.3001098632812,7.870071887969971,0.44515305757522583,-0.9349071601517281,1.6646550217627243,0.29357004165649414,0.242323637008667,0.45493078231811523,0.09784364700317383,0.15531879663467407,0.0048657802765281095,2,0.9995447086721828,True,1,8,42,mish,0.0009,1,l2,0.0,mnist,all,sgd,1.0
exp_b_T1_r8_free_s42_a149_mish_lr0.0055.pth,lora,0.040293995290994644,0.03128151223063469,0.18499945104122162,0.0748126432299614,0.7630242109298706,1313.634765625,18.46392250061035,0.5586734414100647,-1.0000059122863947,1.9980409016014313,0.0268399715423584,0.026667704805731773,0.10570283234119415,0.013454023748636246,0.07929661870002747,0.02973532391211622,2,0.9832824192364482,False,1,8,42,mish,0.0055,1,l2,0.0,mnist,all,sgd,1.0
exp_b_T1_r8_free_s42_a149_mish_lr0.0185.pth,lora,0.03298020362854004,0.017896665260195732,0.2004936933517456,0.07748369872570038,0.7630242109298706,1440.433349609375,19.218334197998047,0.6320152878761292,-1.000067432604347,1.9980626176460712,0.023876862600445747,0.020021148025989532,0.11166894435882568,0.009103341028094292,0.08882474899291992,0.10001881679530003,2,0.8443987909018227,False,1,8,42,mish,0.0185,1,l2,0.0,mnist,all,sgd,1.0
exp_b_T1_r8_free_s42_a149_mish_lr0.0555.pth,lora,0.032675113528966904,0.01711372658610344,0.19296398758888245,0.0733666941523552,0.7630242109298706,1460.718505859375,19.461002349853516,0.6390306353569031,-1.0006046536921307,1.9982533812703394,0.02335214614868164,0.01902046427130699,0.10654276609420776,0.009322967380285263,0.08642122149467468,0.30005645038590006,2,0.44206201553295554,False,1,8,42,mish,0.0555,1,l2,0.0,mnist,all,sgd,1.0
exp_b_T1_r8_free_s42_a149_relu_lr0.0005.pth,lora,0.7259963750839233,0.7412830591201782,0.8537813425064087,0.8403810262680054,0.7630242109298706,20.7337646484375,2.5689923763275146,0.4693877696990967,-0.24980000171962136,1.2526870149170226,0.5117037892341614,0.4239743947982788,0.196053609251976,0.21429258584976196,0.6577277332544327,0.005644235452373661,2,0.9554187534459655,False,1,8,42,relu,0.0005,1,l2,0.0,mnist,all,sgd,1.0
exp_b_T1_r8_free_s42_a149_relu_lr0.0027.pth,lora,0.7550877332687378,0.7589863538742065,0.8653426170349121,0.8388490676879883,0.7630242109298706,35.6922607421875,3.0786361694335938,0.47130101919174194,-0.3253282352701723,1.3205202301089587,0.5465916395187378,0.4463951587677002,0.21883881092071533,0.20849609375,0.6465038061141968,0.030478871442817766,2,0.8232625871596029,False,1,8,42,relu,0.0027,1,l2,0.0,mnist,all,sgd,1.0
exp_b_T1_r8_free_s42_a149_relu_lr0.0089.pth,lora,0.7551358938217163,0.7590118646621704,0.8653590679168701,0.8388326168060303,0.7630242109298706,35.78814697265625,3.0800838470458984,0.47130101919174194,-0.32553132112796745,1.3206987433398316,0.5466680526733398,0.44644689559936523,0.2189374566078186,0.20846784114837646,0.6464216113090515,0.10046739105225115,2,0.6436642598346942,False,1,8,42,relu,0.0089,1,l2,0.0,mnist,all,sgd,1.0
exp_b_T1_r8_free_s42_a149_relu_lr0.0266.pth,lora,0.736248254776001,0.7463163137435913,0.8532998561859131,0.834281325340271,0.7630242109298706,24.102294921875,2.52117919921875,0.4655612111091614,-0.21766938179088446,1.219438237786599,0.5229635238647461,0.4304569959640503,0.20446011424064636,0.21328473091125488,0.6488397419452667,0.3002733260662787,2,0.3739870974157311,False,1,8,42,relu,0.0266,1,l2,0.0,mnist,all,sgd,1.0
exp_b_T1_r8_free_s42_a149_selu_lr0.0005.pth,lora,0.5086331963539124,0.5381345748901367,0.6527202129364014,0.6640619039535522,0.7630242109298706,356.3017578125,3.7098989486694336,0.49298468232154846,-0.502995245740479,1.4023436011444201,0.3322172164916992,0.2946973145008087,0.23398181796073914,0.17641597986221313,0.41873839497566223,0.00921733980488563,2,0.9846411588802256,False,1,8,42,selu,0.0005,1,l2,0.0,mnist,all,sgd,1.0
exp_b_T1_r8_free_s42_a149_selu_lr0.0016.pth,lora,0.5563937425613403,0.6413074731826782,0.7370128631591797,0.8043081760406494,0.7630242109298706,55.5751953125,1.4542295932769775,0.42155611515045166,-0.12724065384303584,1.058092316224759,0.35283729434013367,0.33587750792503357,0.23790600895881653,0.20355644822120667,0.49910685420036316,0.029495487375634018,2,0.9590417118489913,False,1,8,42,selu,0.0016,1,l2,0.0,mnist,all,sgd,1.0
exp_b_T1_r8_free_s42_a149_selu_lr0.0054.pth,lora,0.5666734576225281,0.653129518032074,0.7445043325424194,0.8130632638931274,0.7630242109298706,42.5245361328125,1.3763275146484375,0.41390305757522583,-0.10947668361767314,1.0298458128929495,0.36226263642311096,0.3433649241924286,0.23889154195785522,0.20441082119941711,0.5056127905845642,0.09954726989276481,2,0.8293899722596377,False,1,8,42,selu,0.0054,1,l2,0.0,mnist,all,sgd,1.0
exp_b_T1_r8_free_s42_a149_selu_lr0.0163.pth,lora,0.5568841099739075,0.6393436193466187,0.7453400492668152,0.8094227313995361,0.7630242109298706,59.914306640625,1.6276911497116089,0.4113520383834839,-0.11304575563439276,1.0242032995013077,0.3563265800476074,0.3346431851387024,0.24197955429553986,0.20055752992630005,0.5033604949712753,0.3004852776392715,2,0.4601652145485307,False,1,8,42,selu,0.0163,1,l2,0.0,mnist,all,sgd,1.0
exp_b_T1_r8_free_s42_a149_sigmoid_lr0.0072.pth,lora,0.36348575353622437,0.3687240779399872,0.647372841835022,0.5785813331604004,0.7630242109298706,1549.493896484375,4.865365982055664,0.39859694242477417,-0.122286800518616,1.0480357455720788,0.25432443618774414,0.20923224091529846,0.2831118702888489,0.10916131734848022,0.3642609715461731,0.004983692575100933,2,0.9998595969048097,True,1,8,42,sigmoid,0.0072,1,l2,0.0,mnist,all,sgd,1.0
exp_b_T1_r8_free_s42_a149_sigmoid_lr0.0433.pth,lora,0.3981618881225586,0.22001183032989502,0.46082526445388794,0.2771974802017212,0.7630242109298706,1402.279541015625,13.114702224731445,0.5886479616165161,-0.9999901400192778,1.5793152263188646,0.32943272590637207,0.16651302576065063,0.25985047221183777,0.06872916221618652,0.20097479224205017,0.02997137340303755,2,0.9950787413579641,False,1,8,42,sigmoid,0.0433,1,l2,0.0,mnist,all,sgd,1.0
exp_b_T1_r8_free_s42_a149_sigmoid_lr0.1445.pth,lora,0.3598741590976715,0.17101217806339264,0.43680161237716675,0.23586122691631317,0.7630242109298706,1473.031494140625,15.256660461425781,0.6173469424247742,-1.0000054822251288,1.7196053061068635,0.3109849691390991,0.1455257385969162,0.34655866026878357,0.04888918995857239,0.09024295210838318,0.10001994126417844,2,0.9565486893803157,False,1,8,42,sigmoid,0.1445,1,l2,0.0,mnist,all,sgd,1.0
exp_b_T1_r8_free_s42_a149_sigmoid_lr0.4334.pth,lora,0.35793939232826233,0.16604091227054596,0.4343610405921936,0.23139961063861847,0.7630242109298706,1514.88916015625,15.560369491577148,0.6179847121238708,-1.0000461870354256,1.7196190774960143,0.310845285654068,0.14400392770767212,0.34691840410232544,0.047094106674194336,0.08744263648986816,0.2999906058401034,2,0.8230572125663265,False,1,8,42,sigmoid,0.4334,1,l2,0.0,mnist,all,sgd,1.0
exp_b_T1_r8_free_s42_a149_silu_lr0.0014.pth,lora,0.37777960300445557,0.338103711605072,0.5921324491500854,0.5197855830192566,0.7630242109298706,1053.772216796875,7.788776397705078,0.4190050959587097,-0.9420939381271354,1.4964865270285266,0.28484293818473816,0.23290066421031952,0.4511207640171051,0.09293666481971741,0.14101168513298035,0.005076574780642517,2,0.9995171694105309,True,1,8,42,silu,0.0014,1,l2,0.0,mnist,all,sgd,1.0
exp_b_T1_r8_free_s42_a149_silu_lr0.0083.pth,lora,0.04112838953733444,0.03161143139004707,0.217666894197464,0.08990998566150665,0.7630242109298706,1319.525146484375,18.277406692504883,0.5586734414100647,-1.0000051878336338,1.9980412759003072,0.024704493582248688,0.023411644622683525,0.12070739269256592,0.016423895955085754,0.09695950150489807,0.0300968361995235,2,0.9833214542802778,False,1,8,42,silu,0.0083,1,l2,0.0,mnist,all,sgd,1.0
exp_b_T1_r8_free_s42_a149_silu_lr0.0276.pth,lora,0.036055803298950195,0.019413437694311142,0.22111934423446655,0.08683684468269348,0.7630242109298706,1441.97021484375,19.058292388916016,0.6256377696990967,-1.000061091108878,1.9980648107704166,0.023454828187823296,0.017438426613807678,0.12227931618690491,0.0126009751111269,0.09884002804756165,0.10008104567552391,2,0.8476849526465876,False,1,8,42,silu,0.0276,1,l2,0.0,mnist,all,sgd,1.0
exp_b_T1_r8_free_s42_a149_silu_lr0.0827.pth,lora,0.03467532992362976,0.017642980441451073,0.2116110920906067,0.08005344867706299,0.7630242109298706,1465.85400390625,19.32863998413086,0.6281887888908386,-1.000552036405111,1.9982705285800066,0.022944815456867218,0.016364149749279022,0.11540041863918304,0.011730514466762543,0.09621067345142365,0.2998805245422401,2,0.44540616678469536,False,1,8,42,silu,0.0827,1,l2,0.0,mnist,all,sgd,1.0
exp_b_T1_r8_free_s42_a149_softplus_lr0.0013.pth,lora,0.2954113185405731,0.22396227717399597,0.5205380916595459,0.3965224325656891,0.7630242109298706,1355.482421875,9.828296661376953,0.42155611515045166,-0.9431238701232514,1.839431455648691,0.23601365089416504,0.1708725094795227,0.41515374183654785,0.05939766764640808,0.10538434982299805,0.004925280751994985,1,0.999882633282762,True,1,8,42,softplus,0.0013,1,l2,0.0,mnist,all,sgd,1.0
exp_b_T1_r8_free_s42_a149_softplus_lr0.0079.pth,lora,0.09122557938098907,0.05245573818683624,0.40875357389450073,0.21635429561138153,0.7630242109298706,1439.363525390625,16.242534637451172,0.5408163070678711,-1.0000023266112836,1.998039994883953,0.07722939550876617,0.0636996403336525,0.3009069859981537,0.0139961838722229,0.10784658789634705,0.029930552262123378,1,0.9956730677651796,False,1,8,42,softplus,0.0079,1,l2,0.0,mnist,all,sgd,1.0
exp_b_T1_r8_free_s42_a149_softplus_lr0.0264.pth,lora,0.08271067589521408,0.048804543912410736,0.38991105556488037,0.20411774516105652,0.7630242109298706,1505.5186767578125,17.3684139251709,0.5841836929321289,-1.0000174927893641,1.9980485910938497,0.06927996873855591,0.0591859333217144,0.2680562734603882,0.013430707156658173,0.12185478210449219,0.10002108604051355,1,0.9536176782036453,False,1,8,42,softplus,0.0264,1,l2,0.0,mnist,all,sgd,1.0
exp_b_T1_r8_free_s42_a149_softplus_lr0.0792.pth,lora,0.08276960998773575,0.04905535653233528,0.38879847526550293,0.2048265039920807,0.7630242109298706,1532.982666015625,17.762470245361328,0.5931122303009033,-1.0001604150191288,1.9981213055097538,0.06839453428983688,0.058299753814935684,0.264717161655426,0.014375075697898865,0.1240813136100769,0.30006325812154067,1,0.7342655793465191,False,1,8,42,softplus,0.0792,1,l2,0.0,mnist,all,sgd,1.0
exp_b_T1_r8_free_s42_a149_tanh_lr0.0005.pth,lora,0.365604430437088,0.3267553448677063,0.5684313774108887,0.47237807512283325,0.7630242109298706,872.1177368164062,9.01749038696289,0.5325255393981934,-1.0000118666497237,1.4991656949705336,0.25135338306427,0.1815049648284912,0.23557445406913757,0.114251047372818,0.3328569233417511,0.00617609273716931,2,0.9993955055166519,True,1,8,42,tanh,0.0005,1,l2,0.0,mnist,all,sgd,1.0
exp_b_T1_r8_free_s42_a149_tanh_lr0.0024.pth,lora,0.07620033621788025,0.02383456937968731,0.11197981983423233,0.020215727388858795,0.7630242109298706,1306.868408203125,19.515697479248047,0.6218112111091614,-1.0000153041665327,1.5000045894303167,0.025626424700021744,-0.02147836610674858,0.039090923964977264,0.050573911517858505,0.07288889586925507,0.029645245138412688,2,0.9862516840988234,False,1,8,42,tanh,0.0024,1,l2,0.0,mnist,all,sgd,1.0
exp_b_T1_r8_free_s42_a149_tanh_lr0.0081.pth,lora,0.07115506380796432,0.008860960602760315,0.13047921657562256,0.02061953768134117,0.7630242109298706,1428.6231689453125,19.4234619140625,0.6887755393981934,-1.0000748563501545,1.5000629221265085,0.030341729521751404,-0.022960832342505455,0.05079052969813347,0.04081333428621292,0.07968868687748909,0.10005270234214282,2,0.8645145425501309,False,1,8,42,tanh,0.0081,1,l2,0.0,mnist,all,sgd,1.0
exp_b_T1_r8_free_s42_a149_tanh_lr0.0243.pth,lora,0.07104980200529099,0.008767612278461456,0.1292896419763565,0.020254304632544518,0.7630242109298706,1428.85546875,19.45137596130371,0.6906887888908386,-1.000672659151639,1.500564057424351,0.030138500034809113,-0.023182258009910583,0.0502891018986702,0.04091130197048187,0.07900054007768631,0.3001581070264285,2,0.45413458091665176,False,1,8,42,tanh,0.0243,1,l2,0.0,mnist,all,sgd,1.0
